{
  "labels": [
    "neutral",
    "low_cognitive_warm",
    "high_cognitive_technical",
    "urgent_formal"
  ],
  "prompts": [
    {
      "prompt": "Can you help me understand how I'm feeling today?",
      "kl_matrix": [
        [
          0.0,
          0.021838506683707237,
          0.003687524236738682,
          0.004210384329780936
        ],
        [
          0.021838506683707237,
          0.0,
          0.033708544448018074,
          0.032436877489089966
        ],
        [
          0.003687524236738682,
          0.033708544448018074,
          0.0,
          0.007129542762413621
        ],
        [
          0.004210384329780936,
          0.032436877489089966,
          0.007129542762413621,
          0.0
        ]
      ],
      "mean_kl": 0.017168563324958086,
      "max_kl": 0.033708544448018074
    },
    {
      "prompt": "Please describe the architecture of a transformer block.",
      "kl_matrix": [
        [
          0.0,
          0.02018282376229763,
          0.003459164989180863,
          0.0034883166663348675
        ],
        [
          0.02018282376229763,
          0.0,
          0.03086912725120783,
          0.02932404913008213
        ],
        [
          0.003459164989180863,
          0.03086912725120783,
          0.0,
          0.00617871293798089
        ],
        [
          0.0034883166663348675,
          0.02932404913008213,
          0.00617871293798089,
          0.0
        ]
      ],
      "mean_kl": 0.015583699122847369,
      "max_kl": 0.03086912725120783
    },
    {
      "prompt": "Submit the final report with all appendices attached.",
      "kl_matrix": [
        [
          0.0,
          0.020224264822900295,
          0.004275574814528227,
          0.0036959731951355934
        ],
        [
          0.020224264822900295,
          0.0,
          0.032417504116892815,
          0.029138848185539246
        ],
        [
          0.004275574814528227,
          0.032417504116892815,
          0.0,
          0.007081874646246433
        ],
        [
          0.0036959731951355934,
          0.029138848185539246,
          0.007081874646246433,
          0.0
        ]
      ],
      "mean_kl": 0.016139006630207103,
      "max_kl": 0.032417504116892815
    },
    {
      "prompt": "I'm struggling to focus, can you give me a short pep talk?",
      "kl_matrix": [
        [
          0.0,
          0.02130846120417118,
          0.0033465403830632567,
          0.0032458220375701785
        ],
        [
          0.02130846120417118,
          0.0,
          0.032425565645098686,
          0.029685131274163723
        ],
        [
          0.0033465403830632567,
          0.032425565645098686,
          0.0,
          0.005711412988603115
        ],
        [
          0.0032458220375701785,
          0.029685131274163723,
          0.005711412988603115,
          0.0
        ]
      ],
      "mean_kl": 0.015953822255445022,
      "max_kl": 0.032425565645098686
    },
    {
      "prompt": "Explain INT4 weight-only quantization and its trade-offs.",
      "kl_matrix": [
        [
          0.0,
          0.02047753892838955,
          0.0034803187008947134,
          0.003912111045792699
        ],
        [
          0.02047753892838955,
          0.0,
          0.030966902151703835,
          0.02919698040932417
        ],
        [
          0.0034803187008947134,
          0.030966902151703835,
          0.0,
          0.007019843207672238
        ],
        [
          0.003912111045792699,
          0.02919698040932417,
          0.007019843207672238,
          0.0
        ]
      ],
      "mean_kl": 0.0158422824072962,
      "max_kl": 0.030966902151703835
    }
  ],
  "aggregate_mean_kl": 0.016137474748150755,
  "aggregate_max_kl": 0.033708544448018074
}